{
  "dataset": "MSC",
  "n_subjects": 10,
  "n_surrogates": 100,
  "num_bins": 100,
  "per_subject": {
    "sub-MSC01": {
      "observed_agreement": 0.6363636363636364,
      "gaussian": {
        "surrogate_mean": 0.6912784332372433,
        "surrogate_sd": 0.10742449666673168,
        "z": -0.5111943604815928,
        "p_below": 0.46534653465346537
      },
      "phase": {
        "surrogate_mean": 0.690646396623971,
        "surrogate_sd": 0.1081509586533067,
        "z": -0.5019165889628935,
        "p_below": 0.4752475247524752
      }
    },
    "sub-MSC02": {
      "observed_agreement": 0.6363636363636364,
      "gaussian": {
        "surrogate_mean": 0.6840732443757616,
        "surrogate_sd": 0.10017252896256737,
        "z": -0.47627436889362557,
        "p_below": 0.5445544554455446
      },
      "phase": {
        "surrogate_mean": 0.6477161877024578,
        "surrogate_sd": 0.08845841027251782,
        "z": -0.1283377273438115,
        "p_below": 0.6237623762376238
      }
    },
    "sub-MSC03": {
      "observed_agreement": 0.5652173913043478,
      "gaussian": {
        "surrogate_mean": 0.6693302921334957,
        "surrogate_sd": 0.10456748786060968,
        "z": -0.995652692430866,
        "p_below": 0.2871287128712871
      },
      "phase": {
        "surrogate_mean": 0.6779169841600046,
        "surrogate_sd": 0.09183077101857276,
        "z": -1.2272530395379486,
        "p_below": 0.22772277227722773
      }
    },
    "sub-MSC04": {
      "observed_agreement": 0.5652173913043478,
      "gaussian": {
        "surrogate_mean": 0.5642781566259827,
        "surrogate_sd": 0.08381566046190482,
        "z": 0.011205956896229318,
        "p_below": 0.6732673267326733
      },
      "phase": {
        "surrogate_mean": 0.5889890457368718,
        "surrogate_sd": 0.08559559320688612,
        "z": -0.27772054076507796,
        "p_below": 0.6039603960396039
      }
    },
    "sub-MSC05": {
      "observed_agreement": 0.44,
      "gaussian": {
        "surrogate_mean": 0.71870803292817,
        "surrogate_sd": 0.09366047539846162,
        "z": -2.9757272931026333,
        "p_below": 0.019801980198019802
      },
      "phase": {
        "surrogate_mean": 0.6911287111058279,
        "surrogate_sd": 0.10005296858749034,
        "z": -2.5099576219593205,
        "p_below": 0.009900990099009901
      }
    },
    "sub-MSC06": {
      "observed_agreement": 0.7142857142857143,
      "gaussian": {
        "surrogate_mean": 0.7524132069303693,
        "surrogate_sd": 0.100050030834568,
        "z": -0.3810842668074587,
        "p_below": 0.5346534653465347
      },
      "phase": {
        "surrogate_mean": 0.7510968230853814,
        "surrogate_sd": 0.10343006922756696,
        "z": -0.35590335648596777,
        "p_below": 0.5346534653465347
      }
    },
    "sub-MSC07": {
      "observed_agreement": 0.6363636363636364,
      "gaussian": {
        "surrogate_mean": 0.677750750393771,
        "surrogate_sd": 0.09150436823121752,
        "z": -0.452296593377441,
        "p_below": 0.504950495049505
      },
      "phase": {
        "surrogate_mean": 0.6906740646081606,
        "surrogate_sd": 0.09464971290152277,
        "z": -0.5738044689161491,
        "p_below": 0.4158415841584158
      }
    },
    "sub-MSC08": {
      "observed_agreement": 0.5652173913043478,
      "gaussian": {
        "surrogate_mean": 0.5184657863875255,
        "surrogate_sd": 0.07797683410899899,
        "z": 0.599557617990378,
        "p_below": 0.8514851485148515
      },
      "phase": {
        "surrogate_mean": 0.49552331726244775,
        "surrogate_sd": 0.07383721776668817,
        "z": 0.943888138663625,
        "p_below": 0.9207920792079208
      }
    },
    "sub-MSC09": {
      "observed_agreement": 0.5,
      "gaussian": {
        "surrogate_mean": 0.4923285004850222,
        "surrogate_sd": 0.08977579037915408,
        "z": 0.08545176246935197,
        "p_below": 0.693069306930693
      },
      "phase": {
        "surrogate_mean": 0.45837677684634215,
        "surrogate_sd": 0.08623491760471436,
        "z": 0.48267249867914713,
        "p_below": 0.8118811881188119
      }
    },
    "sub-MSC10": {
      "observed_agreement": 0.6363636363636364,
      "gaussian": {
        "surrogate_mean": 0.6495235400754854,
        "surrogate_sd": 0.08446085698858756,
        "z": -0.15581068178869215,
        "p_below": 0.6732673267326733
      },
      "phase": {
        "surrogate_mean": 0.6375605694077089,
        "surrogate_sd": 0.0976499631656055,
        "z": -0.012257383467136024,
        "p_below": 0.693069306930693
      }
    }
  },
  "gaussian": {
    "mean_observed": 0.5895392433653303,
    "mean_surrogate": 0.6418149943572826,
    "mean_z": -0.525182491952635,
    "stouffer_z": -1.6607728618133772,
    "n_subjects_below_null_p05": 1
  },
  "phase": {
    "mean_observed": 0.5895392433653303,
    "mean_surrogate": 0.6329628876539174,
    "mean_z": -0.4160590090095534,
    "stouffer_z": -1.315694109502705,
    "n_subjects_below_null_p05": 1
  }
}